upload_ID,host_genus,RawID,RepresentBin_ANI_type,RepresentBin_N50,RepresentBin_size,RepresentBin_completeness,RepresentBin_contamination,RepresentBin_GC,MaxANI_RelativeSpecies,MaxANI_RelativeSpecies_ID,MaxANI_RelativeSpecies_Name,MaxANI_RelativeSpecies_phylum,Description
Ciliophora.Bac.rSGB.001,Heterometopus,67_GY67-2_bin.8,Known,79332,4646780,99.16,0.264,0.507,99.0762,GCF_013374815.1,Shigella sonnei,Proteobacteria,Bac.rSGB.001 cohabite with Heterometopus
Ciliophora.Bac.rSGB.002,Certesia,64_GQ64-2_bin.2,Novel,113890,1093541,87.64,0.574,0.333,82.4365,GCF_003574485.1,Facilibium subflavum,Proteobacteria,Bac.rSGB.002 cohabite with Certesia
Ciliophora.Bac.rSGB.004,Tetmemena,44_GQ44-2_bin.5,Known,158168,2539051,64.96,0.163,0.518,99.4633,GCF_011684115.1,Rahnella aceris,Proteobacteria,Bac.rSGB.004 cohabite with Tetmemena
Ciliophora.Bac.rSGB.006,Euplotes,7_GY7-1_bin.2,Novel,79622,1563698,91.96,0,0.544,81.3974,GCF_009938305.1,Fluviibacter phosphoraccumulans,Proteobacteria,Bac.rSGB.006 cohabite with Euplotes
Ciliophora.Bac.rSGB.008,Heterometopus,67_GQ67-2_bin.3,Novel,142931,989368,85.59,0,0.286,74.913,GCF_000287275.1,Candidatus Carsonella ruddii HC isolate Thao2000,Firmicutes,Bac.rSGB.008 cohabite with Heterometopus
Ciliophora.Bac.rSGB.009,Spirostomum,8_GY8-2_bin.10,Novel,9706,1707186,75,1.724,0.571,80.871,GCF_009938305.1,Fluviibacter phosphoraccumulans,Proteobacteria,Bac.rSGB.009 cohabite with Spirostomum
Ciliophora.Bac.rSGB.010,Euplotes,7_GY7-1_bin.11,Novel,5904,853820,90.59,0.299,0.31,77.6537,GCF_003953955.1,Candidatus Aquarickettsia rohweri,Proteobacteria,Bac.rSGB.010 cohabite with Euplotes
Ciliophora.Bac.rSGB.011,Frontonia,58_GY58-1_bin.5,Known,25520,3929600,89.31,0.706,0.589,96.4297,GCF_000376545.2,Tritonibacter mobilis F1926,Proteobacteria,Bac.rSGB.011 cohabite with Frontonia
Ciliophora.Bac.rSGB.012,Vorticella,23_GQ23-2_bin.10,Novel,32685,1552936,89.1,0.676,0.574,79.4572,GCF_009938305.1,Fluviibacter phosphoraccumulans,Proteobacteria,Bac.rSGB.012 cohabite with Vorticella
Ciliophora.Bac.rSGB.013,Deviata,Deviata_DD1_Deviata_DD1_bin.14,Known,45183,4555931,74.13,4.31,0.589,96.418,GCF_008693705.1,Aeromonas veronii,Proteobacteria,Bac.rSGB.013 cohabite with Deviata
Ciliophora.Bac.rSGB.015,Deviata,Deviata_DD1_Deviata_DD1_bin.10,Known,15220,3852457,54.31,3.448,0.62,96.9805,GCF_017310215.1,Aeromonas hydrophila,Proteobacteria,Bac.rSGB.015 cohabite with Deviata
Ciliophora.Bac.rSGB.016,Diophrys,Diophrys_scutum_Diophrys_scutum_bin.7,Intermediate,85615,3565421,97.45,0.991,0.584,83.2196,GCF_000009365.1,Alcanivorax borkumensis SK2,Proteobacteria,Bac.rSGB.016 cohabite with Diophrys
Ciliophora.Bac.rSGB.017,Trachelostyla,29_GQ29-2_bin.10,Known,77543,3341043,63.79,1.724,0.589,95.9023,GCF_900115865.1,Donghicola eburneus,Proteobacteria,Bac.rSGB.017 cohabite with Trachelostyla
Ciliophora.Bac.rSGB.019,Certesia,64_GY64-1_bin.9,Known,6264,2880935,74.12,0.862,0.624,97.226,GCF_020783375.1,Pseudomonas chloritidismutans,Proteobacteria,Bac.rSGB.019 cohabite with Certesia
Ciliophora.Bac.rSGB.020,Homalogastra,69_GY69-2_bin.12,Intermediate,39701,7057567,98.05,1.017,0.609,94.0335,GCF_001612705.2,Pseudomonas yamanorum,Proteobacteria,Bac.rSGB.020 cohabite with Homalogastra
Ciliophora.Bac.rSGB.021,Diophrys,Diophrys_scutum_Diophrys_scutum_bin.22,Intermediate,5692,3578215,63.79,3.448,0.568,92.6113,GCF_004000275.1,Saccharospirillum alexandrii,Proteobacteria,Bac.rSGB.021 cohabite with Diophrys
Ciliophora.Bac.rSGB.022,Schmidingerothrix,68_GY68-3_bin.12,Novel,13175,1893375,55.48,0,0.55,82.2355,GCF_002374315.1,Halomonas nigrificans,Proteobacteria,Bac.rSGB.022 cohabite with Schmidingerothrix
Ciliophora.Bac.rSGB.023,Diophrys,Diophrys_scutum_Diophrys_scutum_bin.30,Known,6174,4008970,82.17,1.347,0.48,98.748,GCF_000422425.1,Oceanospirillum beijerinckii DSM 7166,Proteobacteria,Bac.rSGB.023 cohabite with Diophrys
Ciliophora.Bac.rSGB.024,Chaenea,33_GQ33-2_bin.20,Known,100729,2424899,51.25,0.168,0.41,96.524,GCF_001550135.1,Pseudoalteromonas shioyasakiensis,Proteobacteria,Bac.rSGB.024 cohabite with Chaenea
Ciliophora.Bac.rSGB.025,Kiitricha,15_GY15-1_bin.7,Known,4884,2947476,57.75,0,0.573,98.4738,GCF_902498775.1,Marinobacter sp. EC-HK377,Proteobacteria,Bac.rSGB.025 cohabite with Kiitricha
Ciliophora.Bac.rSGB.027,Diophrys,Diophrys_scutum_Diophrys_scutum_bin.11,Intermediate,137908,2859985,98.76,0.544,0.448,90.7086,GCF_000260985.4,Methylophaga nitratireducenticrescens,Proteobacteria,Bac.rSGB.027 cohabite with Diophrys
Ciliophora.Bac.rSGB.028,Deviata,Deviata_DD1_Deviata_DD1_bin.9,Novel,18905,2642738,57.31,1.037,0.63,78.8244,GCF_017161445.1,Niveibacterium microcysteis,Proteobacteria,Bac.rSGB.028 cohabite with Deviata
Ciliophora.Bac.rSGB.029,Homalogastra,69_GY69-1_bin.23,Novel,20428,4268987,55.68,0,0.606,82.1313,GCF_011046245.1,Rhizobium pseudoryzae,Proteobacteria,Bac.rSGB.029 cohabite with Homalogastra
Ciliophora.Bac.rSGB.033,Euplotes,7_GY7-1_bin.13,Intermediate,5082,3929807,60.52,0.158,0.591,87.6484,GCF_000168975.1,Roseibium aggregatum IAM 12614,Proteobacteria,Bac.rSGB.033 cohabite with Euplotes
Ciliophora.Bac.rSGB.036,Aspidisca,56_GQ56-3_bin.10,Novel,45776,730191,53.59,0,0.306,77.4228,GCF_016603745.1,Francisella philomiragia,Proteobacteria,Bac.rSGB.036 cohabite with Aspidisca
Ciliophora.Bac.rSGB.038,Metopus,Metopus_D11_Metopus_D11_bin.5,Novel,5097,2836383,62.19,4.867,0.603,79.536,GCF_005876985.1,Rhodoferax bucti,Proteobacteria,Bac.rSGB.038 cohabite with Metopus
Ciliophora.Bac.rSGB.044,Heterometopus,67_GY67-3_bin.4,Novel,12327,3452221,90.51,0,0.406,81.4855,GCF_004361915.1,Sediminibacterium goheungense,Bacteroidetes,Bac.rSGB.044 cohabite with Heterometopus
Ciliophora.Bac.rSGB.048,Schmidingerothrix,68_GY68-3_bin.5,Known,90653,4754913,99.24,0.02,0.392,98.6471,GCF_003003005.1,Mongoliibacter ruber,Bacteroidetes,Bac.rSGB.048 cohabite with Schmidingerothrix
Ciliophora.Bac.rSGB.050,Chilodontopsis,Chilodontopsis_depressa-DNA_hemolei_GR1-DNA_bin.6,Known,105846,3519886,92.89,0,0.368,98.5092,GCF_003815615.1,Chryseobacterium shandongense,Bacteroidetes,Bac.rSGB.050 cohabite with Chilodontopsis
Ciliophora.Bac.rSGB.054,Hemiamphisiella,28_GQ28-3_bin.1,Novel,104730,3426239,96.1,0,0.627,82.5958,GCF_014641715.1,Polaromonas eurypsychrophila,Proteobacteria,Bac.rSGB.054 cohabite with Hemiamphisiella
Ciliophora.Bac.rSGB.056,Brachonella,50_GQ50-2_bin.45,Novel,21555,1220372,63.38,0,0.285,74.8251,GCF_000287275.1,Candidatus Carsonella ruddii HC isolate Thao2000,Proteobacteria,Bac.rSGB.056 cohabite with Brachonella
Ciliophora.Bac.rSGB.058,Mylestoma,49_GQ49-1_bin.8,Novel,130741,3222431,95.4,0.8,0.292,75.2362,GCF_000287275.1,Candidatus Carsonella ruddii HC isolate Thao2000,Spirochaetes,Bac.rSGB.058 cohabite with Mylestoma
Ciliophora.Bac.rSGB.059,Vaginicola,13_GY13-1_bin.18,Novel,30374,4474577,93.52,1.494,0.548,81.3506,GCF_000260135.1,Thiothrix nivea DSM 5205,Proteobacteria,Bac.rSGB.059 cohabite with Vaginicola
Ciliophora.Bac.rSGB.060,Euplotes,7_GY7-1_bin.15,Known,7253,3097660,83.76,1.01,0.579,97.7677,GCF_900102315.1,Celeribacter baekdonensis,Proteobacteria,Bac.rSGB.060 cohabite with Euplotes
Ciliophora.Bac.rSGB.065,Urocentrum,9_GQ9-2_bin.74,Novel,11543,1841885,72.41,0,0.626,82.791,GCF_001551835.1,Dechloromonas denitrificans,Proteobacteria,Bac.rSGB.065 cohabite with Urocentrum
Ciliophora.Bac.rSGB.066,Schmidingerothrix,68_GY68-3_bin.7,Intermediate,20347,3506634,89.62,0.646,0.626,89.484,GCF_003336675.1,Halomonas montanilacus,Proteobacteria,Bac.rSGB.066 cohabite with Schmidingerothrix
Ciliophora.Bac.rSGB.068,Euplotes,22_GQ22-1_bin.2,Intermediate,100129,1618439,93.26,0.233,0.452,84.4868,GCF_001595965.1,Polynucleobacter yangtzensis,Proteobacteria,Bac.rSGB.068 cohabite with Euplotes
Ciliophora.Bac.rSGB.070,Euplotes,22_GQ22-1_bin.8,Intermediate,7846,2490521,59.48,0,0.659,89.3543,GCF_012927165.1,Zoogloea dura,Proteobacteria,Bac.rSGB.070 cohabite with Euplotes
Ciliophora.Bac.rSGB.072,Diophrys,Diophrys_scutum_Diophrys_scutum_bin.1,Known,7369,3764181,89.39,4.794,0.315,95.9686,GCF_014641635.1,Aquaticitalea lipolytica,Bacteroidetes,Bac.rSGB.072 cohabite with Diophrys
Ciliophora.Bac.rSGB.074,Schmidingerothrix,68_GY68-2_bin.17,Known,10665,2309482,89.03,2.302,0.603,99.5275,GCF_000376705.1,Cutibacterium acnes HL096PA1,Actinobacteria,Bac.rSGB.074 cohabite with Schmidingerothrix
Ciliophora.Bac.rSGB.076,Vaginicola,13_GY13-2_bin.8,Novel,18899,5620909,91.25,0.744,0.383,78.2931,GCF_014644295.1,Emticicia aquatilis,Bacteroidetes,Bac.rSGB.076 cohabite with Vaginicola
Ciliophora.Bac.rSGB.078,Vorticella,23_GQ23-1_bin.17,Intermediate,27792,3788203,98.98,0.934,0.662,84.9978,GCF_001571225.1,Hydrogenophaga palleronii NBRC 102513,Proteobacteria,Bac.rSGB.078 cohabite with Vorticella
Ciliophora.Bac.rSGB.079,Euplotes,5_GY5-1_bin.8,Intermediate,28682,4152117,88.69,0.497,0.55,94.2838,GCF_003326475.1,Thalassospira xianhensis MCCC 1A02616,Proteobacteria,Bac.rSGB.079 cohabite with Euplotes
Ciliophora.Bac.rSGB.081,Schmidingerothrix,68_GY68-3_bin.13,Novel,20543,3430232,92.26,1.01,0.594,79.5349,GCF_001870675.1,Roseinatronobacter thiooxidans,Proteobacteria,Bac.rSGB.081 cohabite with Schmidingerothrix
Ciliophora.Bac.rSGB.082,Urostylida,52_GQ52-1_bin.8,Intermediate,18222,2818442,57.78,0.454,0.351,84.9685,GCF_014204325.1,Arcicella rosea,Bacteroidetes,Bac.rSGB.082 cohabite with Urostylida
Ciliophora.Bac.rSGB.083,Chilodontopsis,Chilodontopsis_depressa-DNA_hemolei_GR1-DNA_bin.7,Intermediate,96558,3052245,79.31,0,0.525,86.3079,GCF_005871185.1,Limnobacter alexandrii,Proteobacteria,Bac.rSGB.083 cohabite with Chilodontopsis
Ciliophora.Bac.rSGB.088,Apoholosticha,54_GQ54-2_bin.2,Intermediate,130597,2534916,96.74,2.168,0.289,86.376,GCF_003346815.1,Halarcobacter bivalviorum,Proteobacteria,Bac.rSGB.088 cohabite with Apoholosticha
Ciliophora.Bac.rSGB.089,Apoholosticha,54_GQ54-2_bin.4,Known,41330,2052818,58.62,0,0.454,98.9382,GCF_900108915.1,Pseudospirillum japonicum,Proteobacteria,Bac.rSGB.089 cohabite with Apoholosticha
Ciliophora.Bac.rSGB.090,Diophrys,Diophrys_scutum_Diophrys_scutum_bin.34,Intermediate,4882,3666524,59.4,4.933,0.577,88.8597,GCF_000473205.1,Pseudophaeobacter arcticus DSM 23566,Proteobacteria,Bac.rSGB.090 cohabite with Diophrys
Ciliophora.Bac.rSGB.091,Vaginicola,13_GY13-2_bin.36,Novel,9909,4254402,66.23,0,0.613,78.6798,GCF_014203095.1,Prosthecobacter vanneervenii,Verrucomicrobia,Bac.rSGB.091 cohabite with Vaginicola
Ciliophora.Bac.rSGB.092,Euplotes,22_GQ22-1_bin.18,Novel,51924,1292482,98.57,2.132,0.333,77.3511,GCF_913698045.1,Candidatus Megaira endosymbiont of Carteria cerasiformis,Proteobacteria,Bac.rSGB.092 cohabite with Euplotes
Ciliophora.Bac.rSGB.093,Colpidium,41_GQ41-3_bin.10,Novel,57579,1921550,81.1,0.381,0.385,77.2785,GCF_000953135.1,Legionella fallonii LLAP-10,Proteobacteria,Bac.rSGB.093 cohabite with Colpidium
Ciliophora.Bac.rSGB.094,Cothurnia,Cothurnia_D13_Cothurnia_D13_bin.6,Intermediate,15605,4729698,90.52,3.534,0.454,83.275,GCF_003172875.1,Leucothrix pacifica,Proteobacteria,Bac.rSGB.094 cohabite with Cothurnia
Ciliophora.Bac.rSGB.097,Thuricola,14_GY14-2_bin.2,Novel,79469,4335946,91.36,2.777,0.546,78.2555,GCF_001458735.1,Candidatus Nitrospira nitrosa,Nitrospirae,Bac.rSGB.097 cohabite with Thuricola
Ciliophora.Bac.rSGB.101,Frontonia,43_GQ43-2_bin.4,Novel,138280,2365250,98.93,0,0.337,78.4705,GCF_008806775.1,Flavobacterium luteum,Bacteroidetes,Bac.rSGB.101 cohabite with Frontonia
Ciliophora.Bac.rSGB.103,Chlamydodon,55_GQ55-2_bin.4,Novel,12110,713251,62.63,0,0.306,77.3349,GCF_003953955.1,Candidatus Aquarickettsia rohweri,Proteobacteria,Bac.rSGB.103 cohabite with Chlamydodon
Ciliophora.Bac.rSGB.106,Hemiamphisiella,28_GQ28-3_bin.7,Novel,24953,1750156,52.02,0,0.636,78.4705,GCF_009708035.1,Hyphomicrobium album,Proteobacteria,Bac.rSGB.106 cohabite with Hemiamphisiella
Ciliophora.Bac.rSGB.109,Neourostylopsis,Neourostylopsis_ZTY2017032702_MDA16_MDA16_bin.3,Known,10863,760001,67.77,0.473,0.335,98.7906,GCF_913698045.1,Candidatus Megaira endosymbiont of Carteria cerasiformis,Proteobacteria,Bac.rSGB.109 cohabite with Neourostylopsis
Ciliophora.Bac.rSGB.122,Thuricola,14_GY14-1_bin.5,Novel,25907,2098693,95.64,0.146,0.577,78.7833,GCF_002837135.1,Macromonas bipunctata,Proteobacteria,Bac.rSGB.122 cohabite with Thuricola
Ciliophora.Bac.rSGB.127,Heterometopus,67_GQ67-2_bin.11,Novel,62147,845194,71.42,0,0.285,74.9511,GCF_000287275.1,Candidatus Carsonella ruddii HC isolate Thao2000,Proteobacteria,Bac.rSGB.127 cohabite with Heterometopus
Ciliophora.Bac.rSGB.139,Trachelostyla,29_GQ29-2_bin.17,Novel,126113,598932,76.89,0.675,0.234,75.43,GCF_018200315.1,Bacteroidetes bacterium endosymbiont of Orzyaephilus surinamensis,Lentisphaerae,Bac.rSGB.139 cohabite with Trachelostyla
Ciliophora.Bac.rSGB.140,Tintinnopsis,3_GY3-1_bin.6,Novel,6236,1728168,90.2,0.94,0.409,78.1963,GCF_000237205.1,Simkania negevensis Z,Chlamydiae,Bac.rSGB.140 cohabite with Tintinnopsis
Ciliophora.Bac.rSGB.143,Pseudoamphisiella,16_GQ16-3_bin.1,Novel,284225,286186,72.16,0,0.233,75.8569,GCF_012570365.1,Enterobacteriaceae endosymbiont of Donacia clavipes,Proteobacteria,Bac.rSGB.143 cohabite with Pseudoamphisiella
Ciliophora.Bac.rSGB.003,Tracheloraphis,11_GY11-2_bin.4,Not_found,6412,2207591,85.46,2.992,0.391,75.0707,GCF_004217115.1,Ancylomarina subtilis,Bacteroidetes,Bac.rSGB.003 cohabite with Tracheloraphis
Ciliophora.Bac.rSGB.005,Saprodinium,71_GY71-2_bin.5,Not_found,9874,1950983,87.52,0,0.453,74.2335,GCF_900109885.1,Syntrophus gentianae,Proteobacteria,Bac.rSGB.005 cohabite with Saprodinium
Ciliophora.Bac.rSGB.007,Favella,6_GY6-2_bin.1,Not_found,5321,979007,75.96,4.537,0.355,74.0017,GCF_002021095.1,Solemya elarraichensis gill symbiont,Proteobacteria,Bac.rSGB.007 cohabite with Favella
Ciliophora.Bac.rSGB.014,Certesia,64_GQ64-2_bin.1,Not_found,25889,1800648,57.98,0.574,0.356,73.9957,GCF_003574425.1,Cysteiniphilum halobium,Proteobacteria,Bac.rSGB.014 cohabite with Certesia
Ciliophora.Bac.rSGB.018,Urostomides,59_GQ59-1_bin.9,Not_found,146549,4701803,82.9,1.424,0.474,73.736,GCF_019923545.1,Candidatus Schneideria nysicola,Terrabacteria group,Bac.rSGB.018 cohabite with Urostomides
Ciliophora.Bac.rSGB.026,Homalogastra,69_GY69-2_bin.4,Not_found,35527,2070783,95.61,0.584,0.397,74.5618,GCF_900639915.1,Legionella nagasakiensis,Proteobacteria,Bac.rSGB.026 cohabite with Homalogastra
Ciliophora.Bac.rSGB.030,Euplotes,22_GQ22-1_bin.12,Not_found,60662,914206,56.08,1.895,0.337,74.5823,GCF_913698045.1,Candidatus Megaira endosymbiont of Carteria cerasiformis,Proteobacteria,Bac.rSGB.030 cohabite with Euplotes
Ciliophora.Bac.rSGB.031,Euplotes,5_GQ5-1_bin.16,Not_found,86709,1642861,79.59,0.574,0.395,74.0124,GCF_003987435.1,Pseudidiomarina taiwanensis,Proteobacteria,Bac.rSGB.031 cohabite with Euplotes
Ciliophora.Bac.rSGB.032,Brachonella,50_GQ50-3_bin.10,Not_found,21133,2010323,89.03,2.58,0.405,73.9496,GCF_000013405.1,Syntrophus aciditrophicus SB,Proteobacteria,Bac.rSGB.032 cohabite with Brachonella
Ciliophora.Bac.rSGB.034,Mylestoma,49_GY49-2_bin.19,Not_found,8068,3125628,72.99,0,0.56,73.9398,GCF_000152145.1,Oscillochloris trichoides DG-6,Chloroflexi,Bac.rSGB.034 cohabite with Mylestoma
Ciliophora.Bac.rSGB.035,Vaginicola,13_GY13-1_bin.46,Not_found,66937,5784708,91.94,2.118,0.458,74.383,GCF_900080145.1,Candidatus Tremblaya princeps,Deinococcus-Thermus,Bac.rSGB.035 cohabite with Vaginicola
Ciliophora.Bac.rSGB.037,Spirostomum,30_GQ30-3_bin.9,Not_found,81526,969397,73.29,0.025,0.423,74.9222,GCF_001619695.1,Crenobacter luteus,Proteobacteria,Bac.rSGB.037 cohabite with Spirostomum
Ciliophora.Bac.rSGB.039,Licnophora,27_GQ27-2_bin.10,Not_found,164266,2009606,97.84,0,0.417,74.4576,GCF_009805595.3,Candidatus Tremblaya phenacola,Proteobacteria,Bac.rSGB.039 cohabite with Licnophora
Ciliophora.Bac.rSGB.040,Vaginicola,13_GY13-1_bin.81,Not_found,6061,3971911,61.9,1.111,0.597,74.2888,GCF_007747795.1,Maioricimonas rarisocia,Planctomycetes,Bac.rSGB.040 cohabite with Vaginicola
Ciliophora.Bac.rSGB.041,Paranassula,26_GQ26-1_bin.1,Not_found,258535,1192914,91.41,0.609,0.363,74.7559,GCF_009805595.3,Candidatus Tremblaya phenacola,Proteobacteria,Bac.rSGB.041 cohabite with Paranassula
Ciliophora.Bac.rSGB.042,Chilodontopsis,Chilodontopsis_depressa-DNA_hemolei_GR1-DNA_bin.13,Not_found,31615,1434861,62.35,0,0.422,75.9123,GCF_900080145.1,Candidatus Tremblaya princeps,Proteobacteria,Bac.rSGB.042 cohabite with Chilodontopsis
Ciliophora.Bac.rSGB.043,Brachonella,50_GQ50-2_bin.25,Not_found,31732,1518459,71.15,0.581,0.397,74.3214,GCF_000262525.1,Leptothrix ochracea L12,Proteobacteria,Bac.rSGB.043 cohabite with Brachonella
Ciliophora.Bac.rSGB.045,Vaginicola,13_GY13-2_bin.28,Not_found,10443,2897054,60.52,0.68,0.517,73.839,GCF_004296515.1,endosymbiont of Pachyrhynchus infernalis,Verrucomicrobia,Bac.rSGB.045 cohabite with Vaginicola
Ciliophora.Bac.rSGB.046,Euplotes,21_GQ21-3_bin.9,Not_found,40276,902203,52.94,0,0.365,74.1074,GCF_000709555.1,Candidatus Walczuchella monophlebidarum,Bacteroidetes,Bac.rSGB.046 cohabite with Euplotes
Ciliophora.Bac.rSGB.047,Lacrymaria,Lacrymaria_BY201703100_MDA03_MDA03_bin.7,Not_found,45593,863405,76.14,0.71,0.338,74.412,GCF_913698045.1,Candidatus Megaira endosymbiont of Carteria cerasiformis,Proteobacteria,Bac.rSGB.047 cohabite with Lacrymaria
Ciliophora.Bac.rSGB.049,Frontonia,58_GY58-1_bin.4,Not_found,173655,1252669,92.98,0.609,0.38,75.7846,GCF_900080145.1,Candidatus Tremblaya princeps,Proteobacteria,Bac.rSGB.049 cohabite with Frontonia
Ciliophora.Bac.rSGB.051,Vaginicola,13_GY13-1_bin.80,Not_found,38556,4473337,94.01,4.32,0.409,74.0812,GCF_900080145.1,Candidatus Tremblaya princeps,Acidobacteria,Bac.rSGB.051 cohabite with Vaginicola
Ciliophora.Bac.rSGB.052,Trachelostyla,29_GQ29-2_bin.15,Not_found,39513,2173177,57.77,0,0.341,74.12,GCF_004296495.1,endosymbiont of Rhynchophorus ferrugineus,Lentisphaerae,Bac.rSGB.052 cohabite with Trachelostyla
Ciliophora.Bac.rSGB.053,Vorticella,23_GQ23-2_bin.12,Not_found,158130,2046809,93.16,0.427,0.472,74.2982,GCF_001418035.1,Gulbenkiania indica,Proteobacteria,Bac.rSGB.053 cohabite with Vorticella
Ciliophora.Bac.rSGB.055,Brachonella,50_GQ50-3_bin.6,Not_found,190291,3142114,92.9,1.29,0.519,74.96,GCF_900080145.1,Candidatus Tremblaya princeps,Proteobacteria,Bac.rSGB.055 cohabite with Brachonella
Ciliophora.Bac.rSGB.057,Stentor,Stentor_DS1_Stentor_DS1_bin.3,Not_found,9646,2949169,57.85,2.8,0.625,74.0891,GCF_900323885.1,Actinomadura parvosata subsp. kistnae,Spirochaetes,Bac.rSGB.057 cohabite with Stentor
Ciliophora.Bac.rSGB.061,Vaginicola,13_GY13-1_bin.36,Not_found,9761,4519323,81.53,0,0.585,74.1402,GCF_007747795.1,Maioricimonas rarisocia,Planctomycetes,Bac.rSGB.061 cohabite with Vaginicola
Ciliophora.Bac.rSGB.062,Thuricola,14_GY14-1_bin.8,Not_found,4102,3443374,50.18,2.247,0.554,74.0233,GCF_900113665.1,Planctomicrobium piriforme,Planctomycetes,Bac.rSGB.062 cohabite with Thuricola
Ciliophora.Bac.rSGB.063,Coleps,12_GY12-1_bin.10,Not_found,47449,1545942,87.09,1.29,0.548,74.0202,GCF_900109885.1,Syntrophus gentianae,Proteobacteria,Bac.rSGB.063 cohabite with Coleps
Ciliophora.Bac.rSGB.064,Steinia,Stenia_Stenia_bin.4,Not_found,20008,2022771,91.02,0.675,0.426,74.0926,GCF_000011565.2,Candidatus Protochlamydia amoebophila UWE25,Chlamydiae,Bac.rSGB.064 cohabite with Steinia
Ciliophora.Bac.rSGB.067,Vaginicola,13_GY13-2_bin.29,Not_found,5648,3807487,60.35,0.66,0.399,74.106,GCF_018200315.1,Bacteroidetes bacterium endosymbiont of Orzyaephilus surinamensis,Bacteroidetes,Bac.rSGB.067 cohabite with Vaginicola
Ciliophora.Bac.rSGB.069,Peritromus,53_GQ53-2_bin.11,Not_found,46172,1467705,62.04,0.055,0.383,74.0995,GCF_014636995.1,Mangrovimonas yunxiaonensis,Bacteroidetes,Bac.rSGB.069 cohabite with Peritromus
Ciliophora.Bac.rSGB.071,Licnophora,27_GQ27-3_bin.12,Not_found,208112,2279844,56.12,0,0.443,73.8066,GCF_900241015.1,Metaprevotella massiliensis,Proteobacteria,Bac.rSGB.071 cohabite with Licnophora
Ciliophora.Bac.rSGB.073,Urocentrum,9_GY9-2_bin.7,Not_found,33908,2061220,95.12,0.731,0.332,75.2462,GCF_002892535.1,Aquella oligotrophica,Proteobacteria,Bac.rSGB.073 cohabite with Urocentrum
Ciliophora.Bac.rSGB.075,Vaginicola,13_GY13-2_bin.1,Not_found,6616,2213875,64.11,1.428,0.397,73.7862,GCF_004331645.1,Pedobacter frigiditerrae,Bacteroidetes,Bac.rSGB.075 cohabite with Vaginicola
Ciliophora.Bac.rSGB.077,Vaginicola,13_GY13-2_bin.21,Not_found,11986,4129647,73.22,1.02,0.574,74.6059,GCF_014203095.1,Prosthecobacter vanneervenii,Verrucomicrobia,Bac.rSGB.077 cohabite with Vaginicola
Ciliophora.Bac.rSGB.080,Vaginicola,13_GY13-1_bin.69,Not_found,5586,6388512,62.08,3.933,0.563,73.8374,GCF_016837145.1,Candidatus Laterigemmans baculatus,Planctomycetes,Bac.rSGB.080 cohabite with Vaginicola
Ciliophora.Bac.rSGB.084,Homalogastra,69_GY69-1_bin.13,Not_found,12994,2509942,58.18,0,0.472,74.2033,GCF_900129725.1,Chryseolinea serpens,Bacteroidetes,Bac.rSGB.084 cohabite with Homalogastra
Ciliophora.Bac.rSGB.085,Thuricola,14_GY14-1_bin.14,Not_found,8741,5565693,87.93,0.33,0.486,73.9862,GCF_003213775.1,Candidatus Sulcia muelleri,Bacteroidetes,Bac.rSGB.085 cohabite with Thuricola
Ciliophora.Bac.rSGB.086,Coleps,12_GQ12-1_bin.2,Not_found,73692,562165,57.68,0,0.331,74.1184,GCF_008189685.1,Candidatus Sneabacter namystus,Proteobacteria,Bac.rSGB.086 cohabite with Coleps
Ciliophora.Bac.rSGB.087,Coleps,12_GY12-1_bin.3,Not_found,20264,4094229,94.64,0.218,0.374,74.572,GCF_900009265.2,Planktothrix paucivesiculata PCC 9631,Cyanobacteria,Bac.rSGB.087 cohabite with Coleps
Ciliophora.Bac.rSGB.095,Brachonella,50_GY50-1_bin.1,Not_found,7474,942112,58.71,0,0.393,74.2045,GCF_900104455.1,Dendrosporobacter quercicolus,Firmicutes,Bac.rSGB.095 cohabite with Brachonella
Ciliophora.Bac.rSGB.096,Strombidinopsis,2_GY2-1_bin.3,Not_found,10157,1983086,95.4,0.287,0.367,75.9919,GCF_016837225.1,Cysteiniphilum marinum,Proteobacteria,Bac.rSGB.096 cohabite with Strombidinopsis
Ciliophora.Bac.rSGB.098,Brachonella,50_GQ50-3_bin.26,Not_found,5226,1370881,65.1,0.102,0.391,73.9497,GCF_001027545.1,Endomicrobium proavitum,Elusimicrobia,Bac.rSGB.098 cohabite with Brachonella
Ciliophora.Bac.rSGB.099,Climacostomum,66_GY66-3_bin.2,Not_found,16239,1429386,74.61,0.434,0.416,74.5395,GCF_000742475.1,Candidatus Hepatobacter penaei,Proteobacteria,Bac.rSGB.099 cohabite with Climacostomum
Ciliophora.Bac.rSGB.100,Favella,6_GQ6-2_bin.3,Not_found,128439,979498,69.37,1.123,0.29,74.2517,GCF_018200315.1,Bacteroidetes bacterium endosymbiont of Orzyaephilus surinamensis,Bacteria candidate phyla,Bac.rSGB.100 cohabite with Favella
Ciliophora.Bac.rSGB.102,Mylestoma,49_GY49-3_bin.19,Not_found,10293,3731267,78.6,0.188,0.505,73.8094,GCF_002532535.1,Candidatus Viridilinea mediisalina,Chloroflexi,Bac.rSGB.102 cohabite with Mylestoma
Ciliophora.Bac.rSGB.104,Vorticella,23_GQ23-2_bin.8,Not_found,6984,779613,54.02,0.561,0.326,74.179,GCF_004296515.1,endosymbiont of Pachyrhynchus infernalis,Bacteria candidate phyla,Bac.rSGB.104 cohabite with Vorticella
Ciliophora.Bac.rSGB.105,Saprodinium,71_GY71-2_bin.14,Not_found,73084,2947975,91.61,0.806,0.52,74.1301,GCF_020541245.1,Candidatus Annandia pinicola,Proteobacteria,Bac.rSGB.105 cohabite with Saprodinium
Ciliophora.Bac.rSGB.107,Urocentrum,9_GQ9-2_bin.17,Not_found,52097,1845200,55.17,0,0.385,73.9052,GCF_004296495.1,endosymbiont of Rhynchophorus ferrugineus,Lentisphaerae,Bac.rSGB.107 cohabite with Urocentrum
Ciliophora.Bac.rSGB.108,Coleps,12_GQ12-1_bin.1,Not_found,482068,724399,64.66,0,0.352,74.5369,GCF_021109255.1,Phocea massiliensis,Firmicutes,Bac.rSGB.108 cohabite with Coleps
Ciliophora.Bac.rSGB.110,Opercularia,63_GQ63-2_bin.8,Not_found,6052,1473954,51.92,0.142,0.358,74.8832,GCF_002892535.1,Aquella oligotrophica,Proteobacteria,Bac.rSGB.110 cohabite with Opercularia
Ciliophora.Bac.rSGB.111,Brachonella,50_GQ50-3_bin.9,Not_found,60735,910530,75.27,0.473,0.353,74.5259,GCF_009805595.3,Candidatus Tremblaya phenacola,Proteobacteria,Bac.rSGB.111 cohabite with Brachonella
Ciliophora.Bac.rSGB.112,Coleps,12_GQ12-1_bin.4,Not_found,194990,773296,83.05,0,0.361,74.1621,GCF_000022525.1,Neorickettsia risticii str. Illinois,Proteobacteria,Bac.rSGB.112 cohabite with Coleps
Ciliophora.Bac.rSGB.113,Thuricola,14_GY14-2_bin.8,Not_found,6805,3254380,71.31,0.707,0.482,74.3208,GCF_000817745.2,Aphanocapsa montana BDHKU210001,Cyanobacteria,Bac.rSGB.113 cohabite with Thuricola
Ciliophora.Bac.rSGB.114,Peritromus,53_GQ53-3_bin.12,Not_found,68819,1909262,61.78,0.574,0.352,73.9977,GCF_000379445.1,Fangia hongkongensis FSC776 = DSM 21703,Proteobacteria,Bac.rSGB.114 cohabite with Peritromus
Ciliophora.Bac.rSGB.115,Colpidium,41_GQ41-2_bin.3,Not_found,50564,1377465,67.34,0,0.406,74.1393,GCF_900640115.1,Legionella yabuuchiae,Proteobacteria,Bac.rSGB.115 cohabite with Colpidium
Ciliophora.Bac.rSGB.116,Brachonella,50_GQ50-3_bin.18,Not_found,82338,2386472,70.94,2.027,0.471,73.8859,GCF_009805595.3,Candidatus Tremblaya phenacola,Verrucomicrobia,Bac.rSGB.116 cohabite with Brachonella
Ciliophora.Bac.rSGB.117,Brachonella,50_GQ50-2_bin.74,Not_found,9814,2184282,56.15,1.013,0.461,74.6359,GCF_900080145.1,Candidatus Tremblaya princeps,Lentisphaerae,Bac.rSGB.117 cohabite with Brachonella
Ciliophora.Bac.rSGB.118,Brachonella,50_GQ50-2_bin.34,Not_found,9651,1853870,52.35,2.702,0.386,73.8016,GCF_900090215.1,secondary endosymbiont of Trabutina mannipara,Lentisphaerae,Bac.rSGB.118 cohabite with Brachonella
Ciliophora.Bac.rSGB.119,Opercularia,63_GQ63-2_bin.17,Not_found,82768,2431880,81.35,0.141,0.475,74.2636,GCF_000745915.1,Deinococcus misasensis DSM 22328,Deinococcus-Thermus,Bac.rSGB.119 cohabite with Opercularia
Ciliophora.Bac.rSGB.120,Favella,6_GQ6-2_bin.7,Not_found,35902,1418798,81.03,1.149,0.378,74.5889,GCF_003574425.1,Cysteiniphilum halobium,Proteobacteria,Bac.rSGB.120 cohabite with Favella
Ciliophora.Bac.rSGB.121,Favella,6_GY6-2_bin.6,Not_found,6826,1250224,75.47,1.149,0.382,74.3803,GCF_000378965.1,Thioalkalivibrio thiocyanodenitrificans ARhD 1,Proteobacteria,Bac.rSGB.121 cohabite with Favella
Ciliophora.Bac.rSGB.123,Brachonella,50_GQ50-3_bin.27,Not_found,195184,1259507,53.06,0,0.526,74.5906,GCF_000013405.1,Syntrophus aciditrophicus SB,Proteobacteria,Bac.rSGB.123 cohabite with Brachonella
Ciliophora.Bac.rSGB.124,Plagiopyla,1_GQ1-2_bin.1,Not_found,36673,1700815,51.61,0,0.325,74.5397,GCF_000287275.1,Candidatus Carsonella ruddii HC isolate Thao2000,Bacteroidetes,Bac.rSGB.124 cohabite with Plagiopyla
Ciliophora.Bac.rSGB.125,Brachonella,50_GQ50-2_bin.21,Not_found,22405,2265026,81.18,1.184,0.541,74.5949,GCF_003058465.1,Orrella marina,Proteobacteria,Bac.rSGB.125 cohabite with Brachonella
Ciliophora.Bac.rSGB.126,Trachelostyla,29_GQ29-2_bin.9,Not_found,591098,875040,55.89,0.474,0.39,74.4198,GCF_009805595.3,Candidatus Tremblaya phenacola,Bacteria candidate phyla,Bac.rSGB.126 cohabite with Trachelostyla
Ciliophora.Bac.rSGB.128,Chilodontopsis,Chilodontopsis_depressa-DNA_hemolei_GR1-DNA_bin.11,Not_found,43559,1640564,83.37,0,0.419,73.8444,GCF_018200315.1,Bacteroidetes bacterium endosymbiont of Orzyaephilus surinamensis,Proteobacteria,Bac.rSGB.128 cohabite with Chilodontopsis
Ciliophora.Bac.rSGB.129,Brachonella,50_GQ50-2_bin.39,Not_found,5022,1988993,51.3,3.225,0.418,73.8455,GCF_000287275.1,Candidatus Carsonella ruddii HC isolate Thao2000,Bacteroidetes,Bac.rSGB.129 cohabite with Brachonella
Ciliophora.Bac.rSGB.130,Pleuronema,18_GY18-2_bin.5,Not_found,11877,884418,65.65,1.524,0.41,73.9095,GCF_001647695.1,[Haemophilus] ducreyi,Proteobacteria,Bac.rSGB.130 cohabite with Pleuronema
Ciliophora.Bac.rSGB.131,Mylestoma,49_GQ49-1_bin.13,Not_found,14388,4399041,74.24,2.777,0.34,74.4113,GCF_000287275.1,Candidatus Carsonella ruddii HC isolate Thao2000,Spirochaetes,Bac.rSGB.131 cohabite with Mylestoma
Ciliophora.Bac.rSGB.132,Colpidium,41_GQ41-2_bin.1,Not_found,75160,890008,65.69,0,0.392,74.2923,GCF_001881485.1,Rickettsiella grylli,Proteobacteria,Bac.rSGB.132 cohabite with Colpidium
Ciliophora.Bac.rSGB.133,Campanella,61_GQ61-2_bin.1,Not_found,106207,1006444,57.12,0,0.305,74.6959,GCF_000006985.1,Chlorobaculum tepidum TLS,Bacteroidetes,Bac.rSGB.133 cohabite with Campanella
Ciliophora.Bac.rSGB.134,Licnophora,27_GQ27-3_bin.3,Not_found,56581,1886901,93.58,0,0.453,76.0296,GCF_015356785.1,Candidatus Neptunochlamydia vexilliferae,Chlamydiae,Bac.rSGB.134 cohabite with Licnophora
Ciliophora.Bac.rSGB.135,Paranassula,26_GQ26-1_bin.2,Not_found,35599,1134377,82.26,1.036,0.362,73.8764,GCF_000364725.1,Candidatus Moranella endobia PCVAL,Proteobacteria,Bac.rSGB.135 cohabite with Paranassula
Ciliophora.Bac.rSGB.136,Urocentrum,9_GQ9-2_bin.53,Not_found,74054,914031,56.93,0,0.348,73.9176,GCF_018200315.1,Bacteroidetes bacterium endosymbiont of Orzyaephilus surinamensis,Bacteria candidate phyla,Bac.rSGB.136 cohabite with Urocentrum
Ciliophora.Bac.rSGB.137,Frontonia,58_GQ58-3_bin.10,Not_found,10445,722730,59.64,0,0.346,74.827,GCF_913698045.1,Candidatus Megaira endosymbiont of Carteria cerasiformis,Proteobacteria,Bac.rSGB.137 cohabite with Frontonia
Ciliophora.Bac.rSGB.138,Euplotes,21_GQ21-2_bin.12,Not_found,296010,495358,70.44,0,0.282,75.706,GCF_001995255.1,Thioalkalivibrio halophilus,Proteobacteria,Bac.rSGB.138 cohabite with Euplotes
Ciliophora.Bac.rSGB.141,Vorticella,23_GQ23-2_bin.14,Not_found,112990,2256896,99.08,0.067,0.504,74.6028,GCF_000340865.1,Candidatus Kinetoplastibacterium oncopeltii TCC290E,Proteobacteria,Bac.rSGB.141 cohabite with Vorticella
Ciliophora.Bac.rSGB.142,Licnophora,27_GQ27-3_bin.17,Not_found,114593,1591792,92.73,0.581,0.394,74.7526,GCF_900090215.1,secondary endosymbiont of Trabutina mannipara,Proteobacteria,Bac.rSGB.142 cohabite with Licnophora
Ciliophora.Bac.rSGB.144,Plagiopyla,1_GY1-1_bin.6,Not_found,150919,1608356,81.91,0.843,0.403,74.0822,GCF_009805595.3,Candidatus Tremblaya phenacola,Firmicutes,Bac.rSGB.144 cohabite with Plagiopyla
Ciliophora.Bac.rSGB.145,Coleps,12_GQ12-1_bin.6,Not_found,29801,656349,55.89,0.947,0.299,74.6803,GCF_000632985.1,Neorickettsia helminthoeca str. Oregon,Proteobacteria,Bac.rSGB.145 cohabite with Coleps
Ciliophora.Bac.rSGB.146,Euplotes,21_GQ21-3_bin.3,Not_found,316216,632246,72.5,0,0.311,74.3642,GCF_002021095.1,Solemya elarraichensis gill symbiont,Proteobacteria,Bac.rSGB.146 cohabite with Euplotes
Ciliophora.Bac.rSGB.147,Amphileptus,35_GQ35-3_bin.14,Not_found,37556,867124,51.65,0.675,0.435,73.9455,GCF_003213775.1,Candidatus Sulcia muelleri,Verrucomicrobia,Bac.rSGB.147 cohabite with Amphileptus
Ciliophora.Bac.rSGB.148,Saprodinium,71_GY71-2_bin.9,Not_found,10059,1629066,87.09,0.645,0.508,74.1697,GCF_900109885.1,Syntrophus gentianae,Proteobacteria,Bac.rSGB.148 cohabite with Saprodinium
